nuclide,"(n,gamma)","(n,2n)","(n,p)","(n,a)","(n,3n)","(n,4n)",fission
H1,0.0206582,0.0,0.0,0.0,0.0,0.0,0.0
H2,3.67761e-05,0.00154636,0.0,0.0,0.0,0.0,0.0
H3,0.0,3.34522e-05,0.0,0.0,0.0,0.0,0.0
He3,6.92575e-05,0.0,329.174,0.0,0.0,0.0,0.0
He4,0.0,0.0,0.0,0.0,0.0,0.0,0.0
Li6,0.00240827,0.0,0.00122913,0.0,0.0,0.0,0.0
Li7,0.00283524,9.35045e-06,0.0,0.0,0.0,0.0,0.0
Be9,0.00062757,0.0337085,5.79906e-09,0.0141691,0.0,0.0,0.0
B10,0.0309899,0.0,0.0042308,239.269,0.0,0.0,0.0
B11,0.000402861,6.04772e-07,2.14358e-07,1.24894e-05,0.0,0.0,0.0
C12,0.0,0.0,0.0,0.0,0.0,0.0,0.0
C13,0.0,0.0,0.0,0.0,0.0,0.0,0.0
N14,0.00468743,2.50326e-07,0.139461,0.0307859,0.0,0.0,0.0
N15,2.24682e-05,4.1941e-06,2.64033e-06,1.41157e-05,0.0,0.0,0.0
O16,0.000141239,7.37059e-10,6.80002e-06,0.00250819,0.0,0.0,0.0
O17,0.00036055,9.40741e-06,2.99694e-06,0.0779927,0.0,0.0,0.0
O18,0.0,0.0,0.0,0.0,0.0,0.0,0.0
F19,0.0,0.0,0.0,0.0,0.0,0.0,0.0
Ne20,0.0,0.0,0.0,0.0,0.0,0.0,0.0
Ne21,0.0,0.0,0.0,0.0,0.0,0.0,0.0
Ne22,0.0,0.0,0.0,0.0,0.0,0.0,0.0
Na22,0.0,0.0,0.0,0.0,0.0,0.0,0.0
Na23,0.0,0.0,0.0,0.0,0.0,0.0,0.0
Mg24,0.0,0.0,0.0,0.0,0.0,0.0,0.0
Mg25,0.0,0.0,0.0,0.0,0.0,0.0,0.0
Mg26,0.0,0.0,0.0,0.0,0.0,0.0,0.0
Al26_m1,0.0,0.0,0.0,0.0,0.0,0.0,0.0
Al27,0.0,0.0,0.0,0.0,0.0,0.0,0.0
Si28,0.0123841,1.16606e-09,0.00204694,0.000862969,0.0,0.0,0.0
Si29,0.0137002,2.82422e-05,0.00111327,0.00181926,0.0,0.0,0.0
Si30,0.113999,2.27413e-05,5.89965e-06,3.04278e-05,0.0,0.0,0.0
Si31,0.0,0.0,0.0,0.0,0.0,0.0,0.0
Si32,0.0,0.0,0.0,0.0,0.0,0.0,0.0
P31,0.0,0.0,0.0,0.0,0.0,0.0,0.0
S32,0.0,0.0,0.0,0.0,0.0,0.0,0.0
S33,0.0,0.0,0.0,0.0,0.0,0.0,0.0
S34,0.0,0.0,0.0,0.0,0.0,0.0,0.0
S35,0.0,0.0,0.0,0.0,0.0,0.0,0.0
S36,0.0,0.0,0.0,0.0,0.0,0.0,0.0
Cl35,0.0,0.0,0.0,0.0,0.0,0.0,0.0
Cl36,0.0,0.0,0.0,0.0,0.0,0.0,0.0
Cl37,0.0,0.0,0.0,0.0,0.0,0.0,0.0
Ar36,0.0,0.0,0.0,0.0,0.0,0.0,0.0
Ar37,0.0,0.0,0.0,0.0,0.0,0.0,0.0
Ar38,0.0,0.0,0.0,0.0,0.0,0.0,0.0
Ar39,0.0,0.0,0.0,0.0,0.0,0.0,0.0
Ar40,0.0,0.0,0.0,0.0,0.0,0.0,0.0
Ar41,0.0,0.0,0.0,0.0,0.0,0.0,0.0
K39,0.0,0.0,0.0,0.0,0.0,0.0,0.0
K40,0.0,0.0,0.0,0.0,0.0,0.0,0.0
K41,0.0,0.0,0.0,0.0,0.0,0.0,0.0
Ca40,0.0,0.0,0.0,0.0,0.0,0.0,0.0
Ca41,0.0,0.0,0.0,0.0,0.0,0.0,0.0
Ca42,0.0,0.0,0.0,0.0,0.0,0.0,0.0
Ca43,0.0,0.0,0.0,0.0,0.0,0.0,0.0
Ca44,0.0,0.0,0.0,0.0,0.0,0.0,0.0
Ca45,0.0,0.0,0.0,0.0,0.0,0.0,0.0
Ca46,0.0473699,5.55812e-05,6.84187e-07,4.54338e-08,2.20172e-09,0.0,0.0
Ca47,0.0,0.0,0.0,0.0,0.0,0.0,0.0
Ca48,0.0666648,8.97361e-05,6.13463e-09,1.0746e-09,1.08997e-08,0.0,0.0
Sc45,0.0,0.0,0.0,0.0,0.0,0.0,0.0
Ti46,0.0,0.0,0.0,0.0,0.0,0.0,0.0
Ti47,0.230558,7.75832e-05,0.00636895,0.00309919,0.0,0.0,0.0
Ti48,0.528486,1.37681e-05,8.99408e-05,1.49754e-05,0.0,0.0,0.0
Ti49,0.136014,0.000130517,0.000331828,3.74282e-05,0.0,0.0,0.0
Ti50,0.0129417,3.53841e-05,2.11909e-06,2.27935e-06,4.45239e-11,0.0,0.0
V49,0.0,0.0,0.0,0.0,0.0,0.0,0.0
V50,0.0,0.0,0.0,0.0,0.0,0.0,0.0
V51,0.0,0.0,0.0,0.0,0.0,0.0,0.0
Cr50,0.0,0.0,0.0,0.0,0.0,0.0,0.0
Cr51,0.0,0.0,0.0,0.0,0.0,0.0,0.0
Cr52,0.0751797,9.05794e-06,0.000278324,3.04915e-05,0.0,0.0,0.0
Cr53,1.18868,0.00023585,0.000110094,0.00025179,0.0,0.0,0.0
Cr54,0.0315165,9.82624e-05,1.98211e-06,1.19602e-05,0.0,0.0,0.0
Mn54,0.0,0.0,0.0,0.0,0.0,0.0,0.0
Mn55,2.28508,5.02124e-05,0.0,0.0,1.45265e-11,0.0,0.0
Fe54,0.0,0.0,0.0,0.0,0.0,0.0,0.0
Fe55,0.0,0.0,0.0,0.0,0.0,0.0,0.0
Fe56,0.198691,1.6799e-05,0.000274735,0.000115067,0.0,0.0,0.0
Fe57,0.225932,0.00035508,0.000204821,0.00029936,0.0,0.0,0.0
Fe58,0.261972,7.76848e-05,2.24886e-06,1.54462e-05,0.0,0.0,0.0
Co58,1018.22,0.000158165,54.8082,0.00259817,0.0,0.0,0.0
Co58_m1,0.0,0.0,0.0,0.0,0.0,0.0,0.0
Co59,13.3434,4.32359e-05,0.000403517,3.91983e-05,0.0,0.0,0.0
Ni58,0.0,0.0,0.0,0.0,0.0,0.0,0.0
Ni59,0.0,0.0,0.0,0.0,0.0,0.0,0.0
Ni60,0.187863,1.22268e-05,0.000518177,0.000451962,0.0,0.0,0.0
Ni61,0.42182,0.00022349,0.000875344,0.000756459,0.0,0.0,0.0
Ni62,1.04531,4.6775e-05,8.30632e-06,1.28723e-05,0.0,0.0,0.0
Ni63,0.0,0.0,0.0,0.0,0.0,0.0,0.0
Ni64,0.125015,0.000120454,2.36197e-07,2.96942e-06,0.0,0.0,0.0
Cu63,0.867267,2.00639e-05,0.00703734,0.000139698,0.0,0.0,0.0
Cu64,0.0,0.0,0.0,0.0,0.0,0.0,0.0
Cu65,0.380411,7.55391e-05,0.000162163,3.2684e-06,0.0,0.0,0.0
Zn64,0.0,0.0,0.0,0.0,0.0,0.0,0.0
Zn65,0.0,0.0,0.0,0.0,0.0,0.0,0.0
Zn66,0.0,0.0,0.0,0.0,0.0,0.0,0.0
Zn67,0.0,0.0,0.0,0.0,0.0,0.0,0.0
Zn68,0.0,0.0,0.0,0.0,0.0,0.0,0.0
Zn69,0.0,0.0,0.0,0.0,0.0,0.0,0.0
Zn70,0.0,0.0,0.0,0.0,0.0,0.0,0.0
Ga69,0.0,0.0,0.0,0.0,0.0,0.0,0.0
Ga70,0.0,0.0,0.0,0.0,0.0,0.0,0.0
Ga71,0.0,0.0,0.0,0.0,0.0,0.0,0.0
Ge70,0.44695,1.71322e-05,0.000773472,0.00102089,0.0,0.0,0.0
Ge71,0.0,0.0,0.0,0.0,0.0,0.0,0.0
Ge72,0.162423,4.82108e-05,4.09329e-05,2.49703e-05,1.2533e-09,0.0,0.0
Ge73,11.0902,0.000536706,2.33924e-05,4.33051e-05,1.31831e-08,0.0,0.0
Ge74,0.119316,8.72108e-05,2.20734e-06,1.38666e-06,1.49623e-08,0.0,0.0
Ge75,0.0,0.0,0.0,0.0,0.0,0.0,0.0
Ge76,0.261046,0.000173713,2.71971e-07,4.00221e-08,8.26388e-08,0.0,0.0
As73,0.0,0.0,0.0,0.0,0.0,0.0,0.0
As74,0.0,0.0,0.0,0.0,0.0,0.0,0.0
As75,11.7191,6.93927e-05,0.000134443,7.37826e-06,2.83721e-09,0.0,0.0
Se74,97.7643,9.05994e-06,0.00496449,0.0011965,0.0,0.0,0.0
Se75,0.0,0.0,0.0,0.0,0.0,0.0,0.0
Se76,5.89156,3.8331e-05,0.000155999,6.52078e-05,4.39252e-10,0.0,0.0
Se77,5.32422,0.000958115,0.000253732,0.000225495,4.40128e-09,0.0,0.0
Se78,0.918795,7.3972e-05,5.20576e-06,4.1695e-06,2.67677e-08,0.0,0.0
Se79,10.278,0.00157927,7.14211e-06,2.18137e-05,3.76339e-08,0.0,0.0
Se80,0.182105,0.00014285,1.31797e-06,2.53226e-06,1.02517e-07,0.0,0.0
Se81,0.0,0.0,0.0,0.0,0.0,0.0,0.0
Se82,0.0445595,0.000220923,1.08512e-07,1.31792e-08,2.80516e-07,0.0,0.0
Br79,23.3573,5.38339e-05,0.0012983,1.39019e-05,1.70594e-09,0.0,0.0
Br80,0.0,0.0,0.0,0.0,0.0,0.0,0.0
Br81,9.13276,9.98178e-05,6.28861e-05,8.69288e-07,1.81964e-08,0.0,0.0
Kr78,0.0,0.0,0.0,0.0,0.0,0.0,0.0
Kr79,0.0,0.0,0.0,0.0,0.0,0.0,0.0
Kr80,11.0015,2.87671e-05,0.00032722,4.94677e-05,0.0,0.0,0.0
Kr81,0.0,0.0,0.0,0.0,0.0,0.0,0.0
Kr82,26.0651,5.02051e-05,2.25785e-05,5.59125e-06,3.84319e-09,0.0,0.0
Kr83,29.9078,0.00072451,3.4351e-05,1.62675e-06,7.24038e-10,0.0,0.0
Kr84,0.418556,6.87487e-05,1.94714e-06,3.63543e-07,1.87738e-08,0.0,0.0
Kr85,0.534712,0.000352916,1.54393e-06,3.29461e-07,7.8416e-09,0.0,0.0
Kr86,0.00425885,0.000116666,3.30238e-07,6.35542e-08,5.09722e-08,0.0,0.0
Rb85,1.51087,6.93465e-05,0.000117077,1.20523e-06,1.10636e-10,0.0,0.0
Rb86,7.05027,0.000221099,0.000135267,1.82462e-06,3.79054e-11,0.0,0.0
Rb87,0.52256,0.000133368,1.99797e-06,2.37646e-07,3.89657e-09,0.0,0.0
Sr84,2.26083,1.55337e-05,0.0010675,2.62855e-05,0.0,0.0,0.0
Sr85,0.0,0.0,0.0,0.0,0.0,0.0,0.0
Sr86,0.939514,3.38294e-05,0.000155542,1.61177e-06,0.0,0.0,0.0
Sr87,16.7847,0.000430551,0.000172369,7.70015e-06,0.0,0.0,0.0
Sr88,0.00766051,3.94042e-05,1.85164e-06,1.30279e-07,4.73223e-12,0.0,0.0
Sr89,0.0724099,0.00205507,8.88794e-07,1.00365e-06,2.87336e-08,0.0,0.0
Sr90,0.0191883,0.000816221,2.80081e-07,1.88275e-07,1.23519e-06,0.0,0.0
Y89,0.140704,3.44543e-05,7.84512e-05,7.42598e-07,0.0,0.0,0.0
Y90,0.435975,0.000863351,0.0,0.0,2.82709e-09,0.0,0.0
Y91,0.533569,0.000695315,2.75154e-06,8.56312e-07,6.9845e-07,0.0,0.0
Zr90,0.0342604,2.04678e-05,0.0,0.0,0.0,0.0,0.0
Zr91,1.14653,0.00056909,0.0,0.0,0.0,0.0,0.0
Zr92,0.138884,0.000361065,0.0,0.0,7.32181e-08,0.0,0.0
Zr93,3.3322,0.000954767,0.0,0.0,2.301e-07,0.0,0.0
Zr94,0.0670243,0.00057502,0.0,0.0,2.9298e-07,0.0,0.0
Zr95,1.47969,0.00158647,0.0,0.0,6.80624e-07,0.0,0.0
Zr96,0.998263,0.000811551,0.0,0.0,6.22101e-07,0.0,0.0
Nb93,1.91889,0.000306134,7.56248e-05,3.66891e-05,6.76477e-08,0.0,0.0
Nb94,20.3524,0.00121855,0.000121559,3.07827e-05,2.24717e-07,0.0,0.0
Nb95,7.53659,0.000494508,1.51345e-05,6.05858e-06,3.54711e-07,0.0,0.0
Mo92,0.0,0.0,0.0,0.0,0.0,0.0,0.0
Mo93,0.0,0.0,0.0,0.0,0.0,0.0,0.0
Mo94,0.295824,0.000137203,8.63972e-05,0.000274327,8.49808e-09,0.0,0.0
Mo95,18.4223,0.000582185,1.48498e-05,0.000615855,2.22839e-08,0.0,0.0
Mo96,3.29769,0.000245217,5.87104e-06,2.32145e-05,7.43986e-08,0.0,0.0
Mo97,3.32811,0.00101774,3.99751e-06,2.93714e-05,2.01258e-07,0.0,0.0
Mo98,1.22603,0.000406231,4.69917e-07,2.35988e-06,2.3019e-07,0.0,0.0
Mo99,7.46611,0.00524507,6.90982e-07,2.16064e-06,1.34961e-06,0.0,0.0
Mo100,0.758224,0.000507804,1.02753e-07,3.85395e-07,7.22203e-07,0.0,0.0
Tc98,0.0,0.0,0.0,0.0,0.0,0.0,0.0
Tc99,46.5405,0.000259089,4.78739e-06,2.56216e-06,2.83503e-07,0.0,0.0
Ru96,0.0,0.0,0.0,0.0,0.0,0.0,0.0
Ru97,0.0,0.0,0.0,0.0,0.0,0.0,0.0
Ru98,2.05713,8.66978e-05,0.000121583,0.000183161,2.64348e-08,0.0,0.0
Ru99,28.7212,0.000970372,0.000102265,0.000400315,4.30379e-08,0.0,0.0
Ru100,1.89231,0.000210894,4.5056e-06,1.88359e-05,1.43758e-07,0.0,0.0
Ru101,19.3659,0.00110991,6.05495e-06,7.24439e-06,5.20145e-08,0.0,0.0
Ru102,1.01601,0.000192138,5.94205e-07,5.92907e-06,1.03468e-07,0.0,0.0
Ru103,8.51427,0.00219839,2.84909e-06,3.01053e-06,1.67775e-07,0.0,0.0
Ru104,1.27344,0.000365522,4.47641e-07,2.35158e-07,4.18747e-07,0.0,0.0
Ru105,1.3667,0.00297487,1.96131e-06,9.04475e-07,6.28769e-07,0.0,0.0
Ru106,0.402176,0.00066399,1.68122e-07,3.43937e-08,2.05815e-06,0.0,0.0
Rh103,141.942,0.000207187,3.80543e-05,2.95074e-06,4.74637e-08,0.0,0.0
Rh104,0.0,0.0,0.0,0.0,0.0,0.0,0.0
Rh105,2274.78,0.000234613,5.10741e-06,7.51815e-07,2.35355e-07,0.0,0.0
Pd102,0.0,0.0,0.0,0.0,0.0,0.0,0.0
Pd103,0.0,0.0,0.0,0.0,0.0,0.0,0.0
Pd104,4.05336,0.000122836,4.00036e-05,4.62624e-05,9.78604e-09,0.0,0.0
Pd105,16.7115,0.000744311,2.481e-05,1.39221e-05,3.18838e-08,0.0,0.0
Pd106,1.52832,0.000215737,1.05219e-05,4.40595e-06,5.32557e-08,0.0,0.0
Pd107,20.4764,0.00251808,3.34003e-06,2.62439e-06,3.40939e-07,0.0,0.0
Pd108,42.027,0.000328474,1.81477e-06,1.08282e-06,1.85411e-07,0.0,0.0
Pd109,0.0,0.0,0.0,0.0,0.0,0.0,0.0
Pd110,0.614963,0.00046288,3.80751e-07,4.64329e-08,4.15508e-07,0.0,0.0
Ag107,18.7467,0.000190335,0.000138902,4.41994e-06,2.96312e-08,0.0,0.0
Ag108,0.0,0.0,0.0,0.0,0.0,0.0,0.0
Ag109,203.237,0.00022249,1.24447e-05,6.9831e-07,7.37743e-08,0.0,0.0
Ag110_m1,0.0,0.0,0.0,0.0,0.0,0.0,0.0
Ag111,17.7774,0.000369957,2.32373e-06,2.4005e-07,2.31635e-07,0.0,0.0
Ag112,0.0,0.0,0.0,0.0,0.0,0.0,0.0
Ag113,0.0,0.0,0.0,0.0,0.0,0.0,0.0
Ag114,0.0,0.0,0.0,0.0,0.0,0.0,0.0
Ag115,0.0,0.0,0.0,0.0,0.0,0.0,0.0
Ag116,0.0,0.0,0.0,0.0,0.0,0.0,0.0
Ag117,0.0,0.0,0.0,0.0,0.0,0.0,0.0
Ag118_m1,0.0,0.0,0.0,0.0,0.0,0.0,0.0
Cd106,0.0,0.0,0.0,0.0,0.0,0.0,0.0
Cd107,0.0,0.0,0.0,0.0,0.0,0.0,0.0
Cd108,3.28556,6.67963e-05,2.65099e-05,6.19536e-06,6.08613e-09,0.0,0.0
Cd109,0.0,0.0,0.0,0.0,0.0,0.0,0.0
Cd110,6.05339,0.000115289,3.98095e-06,8.25689e-07,3.72375e-08,0.0,0.0
Cd111,9.32298,0.00144304,2.50898e-05,6.70254e-06,1.82169e-07,0.0,0.0
Cd112,2.39654,0.000177438,1.448e-06,1.49044e-07,9.76861e-08,0.0,0.0
Cd113,34.7054,0.00160152,1.91265e-06,7.63743e-07,1.22197e-07,0.0,0.0
Cd114,2.39791,0.000231228,2.34066e-07,3.03414e-08,3.29349e-07,0.0,0.0
Cd115_m1,0.0,0.0,0.0,0.0,0.0,0.0,0.0
Cd116,0.373391,0.000350342,8.64502e-08,7.60123e-09,6.41259e-07,0.0,0.0
In113,51.7686,0.000168819,1.1842e-05,9.38459e-07,1.26682e-07,0.0,0.0
In114,0.0,0.0,0.0,0.0,0.0,0.0,0.0
In115,471.396,0.000238999,1.99539e-06,3.64332e-07,3.01659e-07,0.0,0.0
Sn112,5.56151,6.31309e-05,4.64128e-05,3.77669e-05,2.73446e-09,0.0,0.0
Sn113,0.0,0.0,0.0,0.0,0.0,0.0,0.0
Sn114,1.53637,8.84906e-05,1.06586e-05,4.74717e-06,4.85116e-08,0.0,0.0
Sn115,3.11612,0.000823032,1.31897e-05,8.86429e-06,4.4868e-08,0.0,0.0
Sn116,2.31708,0.000178406,2.16439e-06,6.88378e-07,1.50519e-07,0.0,0.0
Sn117,3.25266,0.00170597,2.25395e-06,9.99252e-07,2.13018e-07,0.0,0.0
Sn118,0.755067,0.000223601,4.7249e-07,5.72473e-08,2.94153e-07,0.0,0.0
Sn119,1.08337,0.00266216,4.41317e-07,1.38542e-07,4.2063e-07,0.0,0.0
Sn120,0.227129,0.00032658,2.03423e-07,1.93769e-08,5.72765e-07,0.0,0.0
Sn121_m1,0.0,0.0,0.0,0.0,0.0,0.0,0.0
Sn122,0.124967,0.000448478,4.14854e-08,4.2334e-09,9.71536e-07,0.0,0.0
Sn123,11.3149,0.00505436,9.58369e-08,4.05038e-09,1.03524e-06,0.0,0.0
Sn124,1.45213,0.000574115,6.17569e-08,8.83916e-10,1.44777e-06,0.0,0.0
Sn125,1.69131,0.00134051,2.95145e-08,2.05283e-09,6.99161e-07,0.0,0.0
Sn126,0.0290169,0.000759577,4.96767e-09,1.60201e-10,2.39054e-06,0.0,0.0
Sb121,31.3806,0.000195576,1.61385e-05,1.40457e-07,4.54014e-08,0.0,0.0
Sb122,0.0,0.0,0.0,0.0,0.0,0.0,0.0
Sb123,20.9647,0.000276873,5.58847e-06,4.91409e-08,2.11344e-07,0.0,0.0
Sb124,24.4965,0.00231505,1.02681e-06,1.23467e-07,5.92659e-07,0.0,0.0
Sb125,9.84678,0.000423454,2.35294e-07,6.39054e-08,8.36821e-07,0.0,0.0
Sb126,32.6845,0.00103426,1.89831e-06,4.25691e-08,3.29164e-07,0.0,0.0
Te120,4.23816,7.83335e-05,4.87239e-05,0.000204209,5.71149e-08,0.0,0.0
Te121,0.0,0.0,0.0,0.0,0.0,0.0,0.0
Te121_m1,0.0,0.0,0.0,0.0,0.0,0.0,0.0
Te122,14.5208,0.000133439,3.10568e-06,1.39755e-05,1.55463e-07,0.0,0.0
Te123,796.528,0.00129751,3.95977e-06,0.000133184,1.76147e-07,0.0,0.0
Te124,0.913186,0.000205739,1.09201e-06,1.35162e-06,3.42533e-07,0.0,0.0
Te125,4.24602,0.00203154,9.60914e-07,1.87784e-06,2.89564e-07,0.0,0.0
Te126,1.45342,0.000284134,3.69784e-07,3.53931e-07,6.17926e-07,0.0,0.0
Te127_m1,0.0,0.0,0.0,0.0,0.0,0.0,0.0
Te128,0.264735,0.000376553,1.38501e-07,5.38596e-08,1.09582e-06,0.0,0.0
Te129_m1,0.0,0.0,0.0,0.0,0.0,0.0,0.0
Te130,0.0489202,0.000471381,1.04865e-06,7.29992e-08,1.48724e-07,0.0,0.0
Te131,0.0,0.0,0.0,0.0,0.0,0.0,0.0
Te131_m1,0.0,0.0,0.0,0.0,0.0,0.0,0.0
Te132,0.0385687,0.000632019,7.71011e-08,2.15441e-08,4.39691e-07,0.0,0.0
I127,28.1619,0.000270584,1.24438e-05,5.73111e-07,1.18114e-07,0.0,0.0
I128,0.0,0.0,0.0,0.0,0.0,0.0,0.0
I129,4.99087,0.000400762,5.17641e-07,1.81864e-07,4.40228e-07,0.0,0.0
I130,15.0956,0.00119514,3.92981e-06,3.57385e-07,1.9542e-07,0.0,0.0
I131,12.6193,0.000534507,1.74213e-07,7.90384e-08,7.45771e-07,0.0,0.0
I132,0.0,0.0,0.0,0.0,0.0,0.0,0.0
I132_m1,0.0,0.0,0.0,0.0,0.0,0.0,0.0
I133,0.0,0.0,0.0,0.0,0.0,0.0,0.0
I134,0.0,0.0,0.0,0.0,0.0,0.0,0.0
I135,4.74224,0.000649727,4.64707e-08,1.9105e-07,7.12743e-07,0.0,0.0
Xe123,0.0,0.0,0.0,0.0,0.0,0.0,0.0
Xe124,0.0,0.0,0.0,0.0,0.0,0.0,0.0
Xe125,0.0,0.0,0.0,0.0,0.0,0.0,0.0
Xe126,10.7979,9.79513e-05,1.46462e-05,1.76666e-05,7.56553e-08,0.0,0.0
Xe127,0.0,0.0,0.0,0.0,0.0,0.0,0.0
Xe128,2.3334,0.000156552,6.44903e-06,2.6544e-06,2.21336e-07,0.0,0.0
Xe129,41.2954,0.00107137,2.22769e-06,3.24628e-06,2.09316e-07,0.0,0.0
Xe130,0.891757,0.000379784,2.18045e-06,1.61298e-07,6.45459e-07,0.0,0.0
Xe131,137.361,0.00144426,4.12955e-06,1.16987e-06,2.0436e-07,0.0,0.0
Xe132,1.00978,0.000259447,6.07092e-07,7.89313e-08,1.30413e-07,0.0,0.0
Xe133,12.7172,0.00272853,2.75859e-07,1.33088e-07,4.46733e-07,0.0,0.0
Xe134,0.0888932,0.000356417,4.90351e-07,6.63968e-08,1.81887e-07,0.0,0.0
Xe135,665.299,0.00266262,9.60543e-08,1.03232e-07,6.7667e-07,0.0,0.0
Xe136,0.0208177,0.00064553,1.83164e-07,4.85502e-08,3.15974e-07,0.0,0.0
Cs133,59.5613,0.000216648,5.36693e-06,6.71619e-07,2.36418e-07,0.0,0.0
Cs134,17.4356,0.0018456,1.50294e-06,4.27772e-07,3.10318e-07,0.0,0.0
Cs135,9.06675,0.000438544,4.21148e-07,1.36223e-07,4.61709e-07,0.0,0.0
Cs136,8.549,0.00214084,3.67522e-07,1.29281e-07,4.4131e-07,0.0,0.0
Cs137,0.0665253,0.00066822,6.26054e-08,5.56775e-08,9.01808e-07,0.0,0.0
Ba130,0.0,0.0,0.0,0.0,0.0,0.0,0.0
Ba131,0.0,0.0,0.0,0.0,0.0,0.0,0.0
Ba132,10.0332,0.000146052,8.09895e-06,9.05451e-06,1.48785e-07,0.0,0.0
Ba133,0.0,0.0,0.0,0.0,0.0,0.0,0.0
Ba134,4.29428,0.000178087,2.01874e-06,2.17387e-06,3.07225e-07,0.0,0.0
Ba135,18.416,0.00112159,1.94167e-06,2.93533e-06,2.62683e-07,0.0,0.0
Ba136,0.362203,0.00027277,6.88684e-07,3.60961e-07,4.31939e-07,0.0,0.0
Ba137,0.606648,0.00164868,4.73548e-07,4.19451e-07,2.8297e-07,0.0,0.0
Ba138,0.0449936,0.000346032,1.60019e-07,5.62129e-07,2.58983e-07,0.0,0.0
Ba139,0.0,0.0,0.0,0.0,0.0,0.0,0.0
Ba140,2.64257,0.00578153,2.89443e-07,3.89017e-07,5.04733e-05,0.0,0.0
La138,51.4079,0.00102863,5.98808e-06,1.21709e-06,1.54772e-07,0.0,0.0
La139,1.92928,0.000286105,3.3375e-07,1.73066e-07,1.13667e-07,0.0,0.0
La140,12.2433,0.00549654,8.93619e-07,0.000995239,7.164e-07,0.0,0.0
Ce136,0.0,0.0,0.0,0.0,0.0,0.0,0.0
Ce137,0.0,0.0,0.0,0.0,0.0,0.0,0.0
Ce137_m1,0.0,0.0,0.0,0.0,0.0,0.0,0.0
Ce138,0.0,0.0,0.0,0.0,0.0,0.0,0.0
Ce139,0.0,0.0,0.0,0.0,0.0,0.0,0.0
Ce140,0.0468262,0.00026085,4.76712e-07,9.72549e-07,2.10183e-07,0.0,0.0
Ce141,26.1096,0.00519911,7.42918e-07,2.68509e-05,3.48599e-07,0.0,0.0
Ce142,0.147782,0.00174905,2.19456e-07,1.88172e-06,3.99197e-06,0.0,0.0
Ce143,6.53726,0.00568436,1.50583e-07,3.35534e-05,5.31997e-06,0.0,0.0
Ce144,0.456572,0.00246017,7.8508e-08,4.5496e-07,1.80163e-05,0.0,0.0
Pr141,3.19294,0.000149221,2.42931e-06,3.20113e-06,3.6541e-08,0.0,0.0
Pr142,14.7591,0.00303324,4.85305e-06,0.0194672,2.07349e-07,0.0,0.0
Pr143,22.1488,0.00155084,6.44975e-07,4.3809e-06,4.64052e-06,0.0,0.0
Nd142,0.833358,0.00015445,4.50343e-06,5.61387e-06,4.79264e-08,0.0,0.0
Nd143,19.8111,0.00184409,2.5636e-06,0.0048332,1.4298e-07,0.0,0.0
Nd144,0.786378,0.000951269,7.82865e-07,1.1813e-05,7.38362e-07,0.0,0.0
Nd145,34.4469,0.00314129,6.73527e-07,0.000247983,2.02618e-06,0.0,0.0
Nd146,0.545826,0.00124759,2.04024e-07,1.7302e-06,2.13829e-06,0.0,0.0
Nd147,82.7312,0.00670286,3.03103e-07,2.64782e-06,5.82332e-06,0.0,0.0
Nd148,2.99957,0.00152179,8.08934e-08,2.52995e-07,3.81697e-06,0.0,0.0
Nd149,0.0,0.0,0.0,0.0,0.0,0.0,0.0
Nd150,2.93602,0.00139279,3.93987e-08,5.08978e-08,5.88473e-06,0.0,0.0
Pm143,0.0,0.0,0.0,0.0,0.0,0.0,0.0
Pm144,0.0,0.0,0.0,0.0,0.0,0.0,0.0
Pm145,0.0,0.0,0.0,0.0,0.0,0.0,0.0
Pm146,0.0,0.0,0.0,0.0,0.0,0.0,0.0
Pm147,305.554,0.00111765,8.97427e-07,3.91816e-06,3.3868e-06,0.0,0.0
Pm148,368.041,0.00488847,7.70794e-07,8.4728e-06,4.77861e-06,0.0,0.0
Pm148_m1,0.0,0.0,0.0,0.0,0.0,0.0,0.0
Pm149,231.037,0.00146235,3.43007e-07,8.1755e-07,7.41246e-06,0.0,0.0
Pm150,0.0,0.0,0.0,0.0,0.0,0.0,0.0
Pm151,415.122,0.000959747,3.29085e-07,7.35762e-08,3.66876e-06,0.0,0.0
Sm144,0.0,0.0,0.0,0.0,0.0,0.0,0.0
Sm145,0.0,0.0,0.0,0.0,0.0,0.0,0.0
Sm146,0.0,0.0,0.0,0.0,0.0,0.0,0.0
Sm147,125.518,0.00134997,3.43231e-06,0.00122798,3.91381e-07,0.0,0.0
Sm148,6.81562,0.000657405,3.59911e-07,1.49507e-05,3.6816e-07,0.0,0.0
Sm149,526.698,0.00264641,9.62327e-07,0.000599623,1.03039e-06,0.0,0.0
Sm150,45.5521,0.000803645,3.53196e-07,1.16647e-06,1.61359e-06,0.0,0.0
Sm151,503.901,0.00529619,7.36932e-07,3.07055e-06,2.49207e-06,0.0,0.0
Sm152,463.468,0.000714914,2.04726e-07,1.59901e-07,1.72919e-06,0.0,0.0
Sm153,709.059,0.00474214,7.61703e-07,3.95487e-07,2.03258e-06,0.0,0.0
Sm154,6.64716,0.000962073,1.07863e-07,4.16833e-08,2.36131e-06,0.0,0.0
Eu151,335.222,0.000630986,5.03311e-06,4.60006e-06,1.07166e-06,0.0,0.0
Eu152,348.378,0.00206429,2.58122e-06,3.2116e-06,2.01014e-06,0.0,0.0
Eu153,215.815,0.000417061,3.44518e-06,1.80657e-06,8.65333e-07,0.0,0.0
Eu154,198.882,0.00317941,9.70579e-06,2.37156e-06,8.2054e-07,0.0,0.0
Eu155,978.048,0.000655081,5.48955e-06,5.92067e-06,1.54205e-06,0.0,0.0
Eu156,213.575,0.00284387,2.03503e-07,1.01484e-07,1.5679e-06,0.0,0.0
Eu157,141.857,0.00184931,2.2725e-07,5.10626e-08,3.54444e-06,0.0,0.0
Gd152,81.9972,0.000433635,7.91538e-07,0.00183888,6.66717e-07,0.0,0.0
Gd153,0.0,0.0,0.0,0.0,0.0,0.0,0.0
Gd154,38.5937,0.000368816,4.08796e-07,7.01504e-07,5.24124e-07,0.0,0.0
Gd155,223.896,0.00177859,8.07009e-07,1.13474e-06,8.9169e-07,0.0,0.0
Gd156,19.4739,0.000493599,2.2716e-07,2.53485e-07,9.89535e-07,0.0,0.0
Gd157,102.378,0.00232422,3.30813e-07,5.1055e-07,8.99917e-07,0.0,0.0
Gd158,12.0559,0.00079591,1.06895e-07,1.41945e-07,7.77855e-07,0.0,0.0
Gd159,0.0,0.0,0.0,0.0,0.0,0.0,0.0
Gd160,1.56083,0.00129838,4.87555e-08,7.40502e-08,2.93596e-06,0.0,0.0
Tb158,0.0,0.0,0.0,0.0,0.0,0.0,0.0
Tb159,67.6167,0.000825078,4.68529e-07,2.71707e-07,1.75318e-06,0.0,0.0
Tb160,517.177,0.00307205,1.36845e-06,1.92412e-06,1.20052e-06,0.0,0.0
Tb161,0.0,0.0,0.0,0.0,0.0,0.0,0.0
Dy154,0.0,0.0,0.0,0.0,0.0,0.0,0.0
Dy155,0.0,0.0,0.0,0.0,0.0,0.0,0.0
Dy156,0.0,0.0,0.0,0.0,0.0,0.0,0.0
Dy157,0.0,0.0,0.0,0.0,0.0,0.0,0.0
Dy158,0.0,0.0,0.0,0.0,0.0,0.0,0.0
Dy159,0.0,0.0,0.0,0.0,0.0,0.0,0.0
Dy160,171.94,0.000607561,6.73069e-07,4.94909e-07,5.32351e-07,0.0,0.0
Dy161,161.096,0.00263997,9.28471e-07,7.65307e-07,8.71195e-07,0.0,0.0
Dy162,373.549,0.000968316,2.47179e-07,1.57137e-07,1.19183e-06,0.0,0.0
Dy163,221.73,0.00343456,2.79869e-07,2.04827e-07,1.7159e-06,0.0,0.0
Dy164,41.765,0.00145641,9.82417e-08,5.48624e-08,2.33479e-06,0.0,0.0
Ho165,105.967,0.000846289,0.0,0.0,1.06484e-06,0.0,0.0
Ho166_m1,0.0,0.0,0.0,0.0,0.0,0.0,0.0
Er162,74.8805,0.000201088,2.54999e-06,5.14363e-06,7.81518e-08,0.0,0.0
Er163,0.0,0.0,0.0,0.0,0.0,0.0,0.0
Er164,29.8425,0.000425685,1.45043e-06,1.80975e-06,3.33523e-07,0.0,0.0
Er165,0.0,0.0,0.0,0.0,0.0,0.0,0.0
Er166,16.9607,0.000616677,6.61514e-07,3.92355e-07,7.37988e-07,0.0,0.0
Er167,276.485,0.0031482,8.93208e-07,1.14886e-06,7.83805e-07,0.0,0.0
Er168,6.90807,0.00127214,3.17289e-07,6.38377e-08,1.87957e-06,0.0,0.0
Er169,0.0,0.0,0.0,0.0,0.0,0.0,0.0
Er170,7.61815,0.00197976,1.254e-07,1.59561e-08,5.49931e-06,0.0,0.0
Tm168,0.0,0.0,0.0,0.0,0.0,0.0,0.0
Tm169,0.0,0.0,0.0,0.0,0.0,0.0,0.0
Tm170,0.0,0.0,0.0,0.0,0.0,0.0,0.0
Tm171,0.0,0.0,0.0,0.0,0.0,0.0,0.0
Yb168,0.0,0.0,0.0,0.0,0.0,0.0,0.0
Yb169,0.0,0.0,0.0,0.0,0.0,0.0,0.0
Yb170,0.0,0.0,0.0,0.0,0.0,0.0,0.0
Yb171,0.0,0.0,0.0,0.0,0.0,0.0,0.0
Yb172,0.0,0.0,0.0,0.0,0.0,0.0,0.0
Yb173,0.0,0.0,0.0,0.0,0.0,0.0,0.0
Yb174,0.0,0.0,0.0,0.0,0.0,0.0,0.0
Yb175,0.0,0.0,0.0,0.0,0.0,0.0,0.0
Yb176,0.0,0.0,0.0,0.0,0.0,0.0,0.0
Lu175,97.9505,0.00120364,0.000234573,5.86554e-08,5.34767e-06,0.0,0.0
Lu176,141.619,0.00426868,0.000234676,5.87137e-08,6.35255e-06,0.0,0.0
Hf174,72.8404,0.000609673,0.0,0.0,5.62002e-07,0.0,0.0
Hf175,0.0,0.0,0.0,0.0,0.0,0.0,0.0
Hf176,111.323,0.000951099,3.50416e-07,5.25455e-07,7.3273e-07,0.0,0.0
Hf177,1016.58,0.00293404,4.02024e-07,9.9567e-07,1.41913e-06,0.0,0.0
Hf178,293.444,0.00137685,7.62121e-08,6.41481e-08,2.32548e-06,0.0,0.0
Hf179,81.3665,0.00406691,2.04269e-07,2.60067e-07,3.04709e-06,0.0,0.0
Hf180,5.20683,0.00127496,3.07325e-08,1.82185e-08,2.68584e-06,0.0,0.0
Hf181,0.0,0.0,0.0,0.0,0.0,0.0,0.0
Hf182,0.0,0.0,0.0,0.0,0.0,0.0,0.0
Ta180,0.0,0.0,0.0,0.0,0.0,0.0,0.0
Ta181,111.366,0.00143704,6.75871e-07,1.39414e-07,1.91812e-06,0.0,0.0
Ta182,154.564,0.00365414,0.0,1.22026e-07,8.81474e-06,0.0,0.0
W180,0.0,0.0,0.0,0.0,0.0,0.0,0.0
W181,0.0,0.0,0.0,0.0,0.0,0.0,0.0
W182,83.371,0.000881624,0.0,0.0,8.7846e-07,0.0,0.0
W183,58.668,0.00369384,0.0,0.0,1.58388e-06,0.0,0.0
W184,3.04811,0.00154823,0.0,0.0,2.44797e-06,0.0,0.0
W185,0.0,0.0,0.0,0.0,0.0,0.0,0.0
W186,77.4549,0.00185108,0.0,0.0,4.62395e-06,0.0,0.0
Re185,254.882,0.0011063,1.06945e-06,2.7843e-07,1.37525e-06,0.0,0.0
Re186_m1,0.0,0.0,0.0,0.0,0.0,0.0,0.0
Re187,51.3464,0.00153193,4.58617e-07,5.6327e-08,3.10167e-06,0.0,0.0
Os184,0.0,0.0,0.0,0.0,0.0,0.0,0.0
Os185,0.0,0.0,0.0,0.0,0.0,0.0,0.0
Os186,0.0,0.0,0.0,0.0,0.0,0.0,0.0
Os187,0.0,0.0,0.0,0.0,0.0,0.0,0.0
Os188,0.0,0.0,0.0,0.0,0.0,0.0,0.0
Os189,0.0,0.0,0.0,0.0,0.0,0.0,0.0
Os190,0.0,0.0,0.0,0.0,0.0,0.0,0.0
Os191,0.0,0.0,0.0,0.0,0.0,0.0,0.0
Os192,0.0,0.0,0.0,0.0,0.0,0.0,0.0
Ir191,422.088,0.000902686,5.2377e-07,1.80178e-07,1.72108e-06,0.0,0.0
Ir192,0.0,0.0,0.0,0.0,0.0,0.0,0.0
Ir193,208.914,0.00128996,1.59828e-07,1.09128e-06,1.92864e-06,0.0,0.0
Ir194_m1,0.0,0.0,0.0,0.0,0.0,0.0,0.0
Pt190,0.0,0.0,0.0,0.0,0.0,0.0,0.0
Pt191,0.0,0.0,0.0,0.0,0.0,0.0,0.0
Pt192,0.0,0.0,0.0,0.0,0.0,0.0,0.0
Pt193,0.0,0.0,0.0,0.0,0.0,0.0,0.0
Pt194,0.0,0.0,0.0,0.0,0.0,0.0,0.0
Pt195,0.0,0.0,0.0,0.0,0.0,0.0,0.0
Pt196,0.0,0.0,0.0,0.0,0.0,0.0,0.0
Pt197,0.0,0.0,0.0,0.0,0.0,0.0,0.0
Pt198,0.0,0.0,0.0,0.0,0.0,0.0,0.0
Au197,217.333,0.000697782,3.13742e-07,1.1382e-07,8.92272e-07,0.0,0.0
Hg196,52.1101,0.000470842,1.15698e-06,9.6273e-06,2.34421e-07,0.0,0.0
Hg197,0.0,0.0,0.0,0.0,0.0,0.0,0.0
Hg197_m1,0.0,0.0,0.0,0.0,0.0,0.0,0.0
Hg198,13.1687,0.000750478,6.12892e-07,6.3366e-08,4.13348e-07,0.0,0.0
Hg199,60.8585,0.0020376,6.16375e-07,1.1397e-06,1.07273e-06,0.0,0.0
Hg200,0.484027,0.000958879,2.3606e-07,1.32549e-08,8.94059e-07,0.0,0.0
Hg201,6.22783,0.00329548,1.97948e-07,4.18757e-08,1.9474e-06,0.0,0.0
Hg202,0.0,0.0,0.0,0.0,0.0,0.0,0.0
Hg203,0.0,0.0,0.0,0.0,0.0,0.0,0.0
Hg204,0.0,0.0,0.0,0.0,0.0,0.0,0.0
Tl203,0.0,0.0,0.0,0.0,0.0,0.0,0.0
Tl204,0.0,0.0,0.0,0.0,0.0,0.0,0.0
Tl205,0.0,0.0,0.0,0.0,0.0,0.0,0.0
Pb204,0.0,0.0,0.0,0.0,0.0,0.0,0.0
Pb205,0.0,0.0,0.0,0.0,0.0,0.0,0.0
Pb206,0.0233328,0.000813413,4.67118e-07,1.47861e-07,5.19204e-07,0.0,0.0
Pb207,0.0592045,0.00172015,3.94169e-07,2.29401e-07,8.36686e-07,0.0,0.0
Pb208,0.00114801,0.00107584,1.7951e-08,2.541e-07,8.26961e-07,0.0,0.0
Bi209,0.0401726,0.00120108,1.57914e-06,2.79804e-06,9.83281e-07,0.0,0.0
Bi210_m1,0.0,0.0,0.0,0.0,0.0,0.0,0.0
Po208,0.0,0.0,0.0,0.0,0.0,0.0,0.0
Po209,0.0,0.0,0.0,0.0,0.0,0.0,0.0
Po210,0.0,0.0,0.0,0.0,0.0,0.0,0.0
Ra223,67.1742,0.0183242,0.0,0.0,3.60455e-05,0.0,0.185354
Ra224,5.15236,0.0059303,0.0,0.0,4.63073e-05,0.0,0.0
Ra225,89.9204,0.0230585,0.0,0.0,5.35073e-05,0.0,0.0
Ra226,6.9632,0.00639801,0.0,0.0,6.25682e-05,0.0,9.55156e-05
Ac225,169.79,0.00328691,0.0,0.0,1.02658e-05,0.0,0.0128259
Ac226,164.903,0.0109128,0.0,0.0,1.32395e-05,0.0,1.19651
Ac227,148.521,0.00374616,0.0,0.0,1.51818e-05,0.0,0.00411105
Th227,98.9384,0.00709142,0.0,0.0,4.36497e-06,0.0,49.409
Th228,165.299,0.00171673,0.0,0.0,6.4443e-06,0.0,0.18552
Th229,136.317,0.00869279,0.0,0.0,6.59484e-06,0.0,46.336
Th230,158.767,0.00277329,0.0,0.0,1.02675e-05,0.0,0.101022
Th231,0.0,0.0,0.0,0.0,0.0,0.0,0.0
Th232,15.1055,0.00398637,0.0,0.0,2.23066e-05,0.0,0.0303201
Th233,0.0,0.0,0.0,0.0,0.0,0.0,0.0
Th234,5.55472,0.00614373,0.0,0.0,3.84397e-05,0.0,0.0125346
Pa229,0.0,0.0,0.0,0.0,0.0,0.0,0.0
Pa230,0.0,0.0,0.0,0.0,0.0,0.0,0.0
Pa231,74.4342,0.00114683,0.0,0.0,2.36477e-06,0.0,0.470769
Pa232,22.244,0.0055951,0.0,0.0,1.81179e-06,0.0,126.777
Pa233,125.737,0.00290353,0.0,0.0,1.50261e-05,0.0,0.104352
U230,0.0,0.0,0.0,0.0,0.0,0.0,0.0
U231,0.0,0.0,0.0,0.0,0.0,0.0,0.0
U232,26.0934,0.000181627,0.0,0.0,3.38215e-07,0.0,58.2652
U233,20.8722,0.000933161,0.0,0.0,2.4435e-08,0.0,114.647
U234,89.5578,0.000492874,0.0,0.0,2.41776e-07,0.0,0.84535
U235,22.4823,0.00346037,0.0,0.0,1.99348e-06,0.0,43.2072
U236,48.1725,0.00154913,0.0,0.0,5.60723e-06,0.0,0.931022
U237,160.584,0.011255,0.0,0.0,6.43035e-06,0.0,7.6479
U238,24.2638,0.00406663,0.0,0.0,1.65073e-05,0.0,0.134746
U239,0.0,0.0,0.0,0.0,0.0,0.0,0.0
U240,0.0,0.0,0.0,0.0,0.0,0.0,0.0
U241,0.0,0.0,0.0,0.0,0.0,0.0,0.0
Np234,0.0,0.0,0.0,0.0,0.0,0.0,0.0
Np235,112.887,0.000158529,0.0,0.0,1.06369e-07,0.0,42.5323
Np236,14.4388,0.000795053,0.0,0.0,1.18105e-07,0.0,163.11
Np236_m1,0.0,0.0,0.0,0.0,0.0,0.0,0.0
Np237,89.4799,0.000590676,0.0,0.0,9.40693e-07,0.0,0.924687
Np238,28.8171,0.00348649,0.0,0.0,1.30811e-06,0.0,154.538
Np239,128.598,0.00228928,0.0,0.0,6.73489e-06,0.0,0.289102
Pu236,35.0824,5.98553e-05,0.0,0.0,9.21597e-09,0.0,145.002
Pu237,15.7018,0.000325098,0.0,0.0,1.60823e-08,0.0,171.225
Pu238,24.0243,8.02959e-05,0.0,0.0,2.63531e-07,0.0,5.17213
Pu239,28.4896,0.000968298,0.0,0.0,1.32293e-06,0.0,45.2845
Pu240,1211.63,0.000785744,0.0,0.0,1.42205e-06,0.0,1.25534
Pu241,27.2681,0.00597012,0.0,0.0,5.96174e-06,0.0,87.2927
Pu242,157.724,0.00151477,0.0,0.0,4.65969e-06,0.0,0.715137
Pu243,40.2047,0.0147158,0.0,0.0,6.64436e-05,0.0,81.1741
Pu244,8.44308,0.00304029,0.0,0.0,1.06284e-05,0.0,0.608292
Pu245,0.0,0.0,0.0,0.0,0.0,0.0,0.0
Pu246,10.6126,0.00544475,0.0,0.0,2.43672e-05,0.0,0.285002
Am240,0.0,0.0,0.0,0.0,0.0,0.0,0.0
Am241,157.983,0.000255591,0.0,0.0,9.62001e-07,0.0,1.80643
Am242,29.0537,0.00135177,0.0,0.0,4.62436e-08,0.0,197.571
Am242_m1,0.0,0.0,0.0,0.0,0.0,0.0,0.0
Am243,304.061,0.000417198,0.0,0.0,1.19667e-06,0.0,0.854522
Am244,43.9147,0.00640634,0.0,0.0,1.18761e-05,0.0,174.677
Am244_m1,0.0,0.0,0.0,0.0,0.0,0.0,0.0
Cm240,45.7937,1.67222e-05,0.0,0.0,1.72481e-09,0.0,29.5533
Cm241,10.8726,0.000537392,0.0,0.0,6.24126e-09,0.0,124.763
Cm242,22.7945,0.000211891,0.0,0.0,2.43265e-08,0.0,3.42706
Cm243,30.0506,0.000912475,0.0,0.0,1.77218e-07,0.0,222.307
Cm244,100.187,0.000486063,0.0,0.0,5.95396e-07,0.0,2.27339
Cm245,16.3881,0.00207309,0.0,0.0,6.749e-07,0.0,122.701
Cm246,17.5523,0.0012756,0.0,0.0,1.92341e-06,0.0,1.20651
Cm247,74.1453,0.00370182,0.0,0.0,2.3836e-06,0.0,142.597
Cm248,43.8747,0.00217606,0.0,0.0,6.37723e-06,0.0,1.32355
Cm249,8.9072,0.00972591,0.0,0.0,1.02048e-05,0.0,69.172
Cm250,136.757,0.00553104,0.0,0.0,2.44004e-05,0.0,0.391504
Bk245,0.0,0.0,0.0,0.0,0.0,0.0,0.0
Bk246,0.0,0.0,0.0,0.0,0.0,0.0,0.0
Bk247,0.0,0.0,0.0,0.0,0.0,0.0,0.0
Bk248,0.0,0.0,0.0,0.0,0.0,0.0,0.0
Bk249,169.714,0.000623673,0.0,0.0,9.75029e-07,0.0,1.40995
Bk250,0.0,0.0,0.0,0.0,0.0,0.0,0.0
Cf246,0.0,0.0,0.0,0.0,0.0,0.0,0.0
Cf247,0.0,0.0,0.0,0.0,0.0,0.0,0.0
Cf248,0.0,0.0,0.0,0.0,0.0,0.0,0.0
Cf249,92.0087,0.00180174,0.0,0.0,4.5915e-07,0.0,294.334
Cf250,0.0,0.0,0.0,0.0,0.0,0.0,0.0
Cf251,41.9512,0.00493501,0.0,0.0,1.04507e-06,0.0,95.2218
Cf252,0.0,0.0,0.0,0.0,0.0,0.0,0.0
Cf253,0.0,0.0,0.0,0.0,0.0,0.0,0.0
Cf254,0.0,0.0,0.0,0.0,0.0,0.0,0.0
Es251,0.0,0.0,0.0,0.0,0.0,0.0,0.0
Es252,0.0,0.0,0.0,0.0,0.0,0.0,0.0
Es253,0.0,0.0,0.0,0.0,0.0,0.0,0.0
Es254,0.0,0.0,0.0,0.0,0.0,0.0,0.0
Es254_m1,0.0,0.0,0.0,0.0,0.0,0.0,0.0
Es255,0.0,0.0,0.0,0.0,0.0,0.0,0.0
